Stock Count,Total Volume,Actual Comparisons,Theoretical Comparisons,Difference,Time (ms)
1,8463,98197,101954.36705840884,-3757.3670584088395,1.064833
2,4437,47036,49319.891533408336,-2283.891533408336,0.378958
3,9445,111521,115280.3898426493,-3759.389842649296,0.895
4,5853,64717,67398.06417717156,-2681.06417717156,0.383792
5,9620,113957,117671.11973868424,-3714.1197386842396,0.678167
6,5775,63991,66388.12021012677,-2397.12021012677,0.3945
7,9620,112885,117671.11973868424,-4786.11973868424,0.571583
8,4699,50710,52621.05070823285,-1911.0507082328477,0.300833
9,15537,192329,200792.1818824286,-8463.181882428587,1.05125
10,15537,193712,200792.1818824286,-7080.181882428587,1.237209
11,8102,93822,97095.87331919951,-3273.8733191995125,0.579375
12,7976,91994,95405.52276252,-3411.522762520006,0.580625
13,5814,64467,66892.90348057609,-2425.9034805760894,0.430792
14,12758,156127,161250.82359704297,-5123.823597042967,0.98225
15,4118,43586,45330.82437605562,-1744.8243760556215,0.30025
16,12709,155573,160560.95085503644,-4987.950855036441,0.983459
17,3905,40697,42686.97218297958,-1989.9721829795817,0.266167
18,2195,21236,22170.51146760787,-934.5114676078701,0.154791
19,5998,66861,69279.49430959871,-2418.494309598711,0.414542
20,1141,10023,10448.090790045386,-425.0907900453858,0.06675
21,3213,32863,34218.50301795964,-1355.5030179596433,0.210083
22,15537,194156,200792.1818824286,-6636.181882428587,1.110042
23,8469,98547,102035.30801711293,-3488.308017112926,0.57275
24,9839,115906,120669.40812189881,-4763.408121898814,0.661792
25,2888,29073,30313.02931765015,-1240.029317650151,0.179666
26,7683,88321,91485.969376402,-3164.969376402005,0.520667
27,9144,107725,111179.3269890332,-3454.3269890332012,0.63975
28,3989,41971,43727.66570685969,-1756.6657068596905,0.291083
29,3452,35629,37121.104218165754,-1492.104218165754,0.257
30,12708,155642,160546.8746538591,-4904.874653859093,0.956125
31,3871,40523,42266.47708276353,-1743.4770827635293,0.283417
32,9685,114578,118560.27938985662,-3982.279389856616,0.656
33,8628,100607,104182.46465889241,-3575.464658892408,0.570667
34,10972,132001,136290.12488593932,-4289.124885939324,0.755
35,4724,50482,52937.167310152174,-2455.1673101521737,0.2985
36,3155,32165,33517.90363453957,-1352.9036345395725,0.194417
37,9894,117501,121423.51399406543,-3922.5139940654335,0.628375
38,15537,192859,200792.1818824286,-7933.181882428587,1.00925
39,11781,137302,147548.2984106888,-10246.298410688789,0.760583
40,10040,119177,123427.45535433487,-4250.455354334874,0.669209
41,4559,48862,50854.37322232947,-1992.373222329472,0.284583
42,8918,102923,108109.49499111141,-5186.494991111409,0.587791
43,10519,125547,130023.30785201635,-4476.307852016354,0.7325
44,3341,34466,35769.96071716614,-1303.960717166141,0.222625
45,2264,21865,22968.50626177138,-1103.506261771381,0.148666
46,8026,92473,96075.95562770024,-3602.955627700241,0.526959
47,12705,155445,160504.64673152185,-5059.646731521847,0.862791
48,15537,193884,200792.1818824286,-6908.181882428587,1.077625
49,7101,79656,83748.81989582742,-4092.819895827415,0.44925
50,10972,131928,136290.12488593932,-4362.124885939324,0.774875
51,593,4620,4870.649758665781,-250.6497586657806,0.033583
52,8435,97797,101576.72379903051,-3779.723799030515,0.555209
53,12758,155985,161250.82359704297,-5265.823597042967,0.843375
54,12758,152940,161250.82359704297,-8310.823597042967,0.851833
55,2880,29079,30217.53691742947,-1138.5369174294683,0.209375
56,5707,63068,65508.8956496895,-2440.895649689497,0.419959
57,10972,131909,136290.12488593932,-4381.124885939324,0.77125
58,8721,101945,105440.31318965335,-3495.313189653345,0.580125
59,6957,79030,81844.88450453934,-2814.884504539339,0.451875
60,2611,25965,27025.859784178832,-1060.8597841788323,0.16975
61,7376,84164,87396.4428086068,-3232.442808606793,0.469708
62,4583,48989,51156.79692202549,-2167.796922025489,0.295625
63,12938,157050,163787.3726925437,-6737.372692543693,0.858625
64,7938,91394,94896.29606548468,-3502.296065484683,0.527583
65,10519,125727,130023.30785201635,-4296.307852016354,0.756125
66,5569,61547,63728.19515296706,-2181.1951529670623,0.362042
67,4479,47650,49847.616098882674,-2197.616098882674,0.28225
68,10972,132281,136290.12488593932,-4009.1248859393236,0.75875
69,12938,155944,163787.3726925437,-7843.372692543693,0.844
70,9352,109949,114011.78577430006,-4062.785774300064,0.592083
71,6751,76532,79128.69803476123,-2596.698034761226,0.488584
72,7431,84701,88127.76039963264,-3426.760399632636,0.503667
73,4411,47010,48993.491988901784,-1983.4919889017838,0.296833
74,10972,132275,136290.12488593932,-4015.1248859393236,0.75975
75,4004,41986,43913.77394037932,-1927.7739403793166,0.24775
76,6624,74751,77458.65760647552,-2707.657606475521,0.412791
77,10972,132132,136290.12488593932,-4158.124885939324,0.750833
78,97,488,544.1915456921514,-56.19154569215141,0.00425
79,7679,87993,91432.57028256646,-3439.570282566463,0.48525
80,10972,131712,136290.12488593932,-4578.124885939324,0.707333
81,3426,35367,36804.15212802379,-1437.1521280237866,0.204041
82,12938,158680,163787.3726925437,-5107.372692543693,0.865
83,11024,132859,137011.24254389212,-4152.24254389212,0.774125
84,2825,28384,29561.8993049365,-1177.8993049365017,0.184167
85,12938,158453,163787.3726925437,-5334.372692543693,0.970167
86,9377,110431,114352.6777958911,-3921.677795891097,0.641792
87,7527,86351,89405.646620893,-3054.646620893007,0.453708
88,2583,25575,26695.870870328796,-1120.8708703287957,0.159416
89,10972,132176,136290.12488593932,-4114.124885939324,0.744542
90,5604,61879,64179.35991137431,-2300.359911374311,0.370584
91,6160,68755,71387.48215518675,-2632.48215518675,0.388167
92,8086,93368,96881.06800816493,-3513.0680081649334,0.530625
93,10972,131903,136290.12488593932,-4387.124885939324,0.769584
94,12758,156613,161250.82359704297,-4637.823597042967,0.857709
95,4941,53657,55688.97204915116,-2031.9720491511616,0.315959
96,5903,65370,68046.25419391999,-2676.2541939199873,0.375458
97,1817,16971,17857.281693593388,-886.2816935933879,0.106583
98,4756,51411,53342.07494679034,-1931.074946790337,0.30825
99,7054,80311,83126.92921944679,-2815.9292194467853,0.427917
100,9100,107008,110581.02255275814,-3573.022552758135,0.725625
101,9094,106881,110499.45933184284,-3618.459331842838,0.60075
102,9132,106918,111016.12269705998,-4098.122697059982,0.585
103,12758,156478,161250.82359704297,-4772.823597042967,0.832458
104,3081,31386,32626.272721448244,-1240.2727214482438,0.193209
105,4155,43952,45791.72912468777,-1839.7291246877721,0.266458
106,10972,131911,136290.12488593932,-4379.124885939324,0.73175
107,15537,194358,200792.1818824286,-6434.181882428587,1.033416
108,5230,57248,59375.073058832415,-2127.073058832415,0.345334
109,10519,125359,130023.30785201635,-4664.307852016354,0.692459
110,6609,74375,77261.63939730926,-2886.6393973092636,0.404041
111,2069,19782,20721.451396880362,-939.4513968803622,0.113
112,10972,131985,136290.12488593932,-4305.124885939324,0.718667
113,699,5614,5906.954903117429,-292.95490311742924,0.039125
114,11024,132574,137011.24254389212,-4437.24254389212,0.756375
115,2477,24415,25450.634685591238,-1035.634685591238,0.155042
116,2699,26958,28065.766796699034,-1107.7667966990339,0.17375
117,1361,12253,12808.624289396937,-555.6242893969375,0.081375
118,9459,111347,115471.47722617109,-4124.47722617109,0.631958
119,12758,156085,161250.82359704297,-5165.823597042967,0.925167
120,12938,158961,163787.3726925437,-4826.372692543693,0.870917
121,6289,70355,73070.4692334573,-2715.4692334573047,0.402042
122,7867,90539,93945.55042964937,-3406.5504296493746,0.518291
123,1601,14705,15442.256905618528,-737.2569056185275,0.095083
124,6434,72320,74966.75241967972,-2646.7524196797167,0.412666
125,7688,88328,91552.72246850861,-3224.722468508611,0.492542
126,4833,52268,54317.6529494742,-2049.652949474199,0.308416
127,2376,23220,24270.22223102262,-1050.2222310226207,0.132666
128,10972,131810,136290.12488593932,-4480.124885939324,0.756917
129,15537,194114,200792.1818824286,-6678.181882428587,1.024375
130,15537,194207,200792.1818824286,-6585.181882428587,1.071792
131,8037,92913,96223.51126307114,-3310.5112630711374,0.474625
132,14402,178737,184547.9623063546,-5810.962306354602,0.975958
133,9523,112194,116345.39957459114,-4151.399574591138,0.571709
134,6632,74626,77563.75402919982,-2937.7540291998157,0.444708
135,192,1181,1265.312800138462,-84.31280013846208,0.009958
136,7041,80144,82954.9965404273,-2810.9965404272953,0.464458
137,10972,131913,136290.12488593932,-4377.124885939324,0.743084
138,12708,155448,160546.8746538591,-5098.874653859093,0.833625
139,10519,125791,130023.30785201635,-4232.307852016354,0.718667
140,12758,155976,161250.82359704297,-5274.823597042967,0.857833
141,3173,32253,33735.167720176665,-1482.1677201766652,0.191625
142,6348,71377,73841.48454867773,-2464.484548677734,0.407625
143,6444,72503,75097.70557798514,-2594.705577985136,0.39275
144,2979,30134,31401.484364175354,-1267.4843641753541,0.195166
145,10456,124992,129153.96606011706,-4161.966060117062,0.722875
146,4642,50077,51901.024007693086,-1824.0240076930859,0.317417
147,4809,52137,54013.385503101264,-1876.3855031012645,0.319459
148,10970,129343,136262.3966810374,-6919.396681037411,0.690542
149,8455,98341,101846.45532725906,-3505.4553272590565,0.529292
150,9826,116894,120491.22963437751,-3597.229634377509,0.635708
151,3231,33184,34436.23882894238,-1252.2388289423834,0.20475
152,12938,158381,163787.3726925437,-5406.372692543693,0.867791
153,3513,36471,37865.82785647419,-1394.8278564741922,0.212375
154,9322,110025,113602.84264065804,-3577.84264065804,0.667458
155,7274,82692,86041.75057285417,-3349.750572854173,0.442166
156,10972,131976,136290.12488593932,-4314.124885939324,0.711125
157,10519,124773,130023.30785201635,-5250.307852016354,0.699833
158,6613,74475,77314.17278858219,-2839.1727885821892,0.449166
159,6315,70787,73410.14072293209,-2623.1407229320903,0.413
160,15537,194431,200792.1818824286,-6361.181882428587,1.019625
161,8985,105055,109018.72555374978,-3963.725553749784,0.58325
162,3483,36110,37499.37770067456,-1389.3777006745586,0.221834
163,10972,132065,136290.12488593932,-4225.124885939324,0.794
164,6100,68178,70606.02051675942,-2428.020516759425,0.410333
165,7882,90836,94146.33544107442,-3310.3354410744214,0.503792
166,15537,194185,200792.1818824286,-6607.181882428587,1.049541
167,12758,156372,161250.82359704297,-4878.823597042967,0.847125
168,9635,113976,117876.254344649,-3900.2543446490017,0.676375
169,10834,130150,134378.1179198534,-4228.117919853394,0.798084
170,1671,15524,16220.554846180246,-696.5548461802464,0.100167
171,15537,193954,200792.1818824286,-6838.181882428587,1.011958
172,4574,49150,51043.36673498299,-1893.366734982992,0.29575
173,15537,194571,200792.1818824286,-6221.181882428587,1.017291
174,10972,132280,136290.12488593932,-4010.1248859393236,0.787791
175,12758,156498,161250.82359704297,-4752.823597042967,0.985875
176,11319,136375,141108.84812532843,-4733.848125328426,0.784417
177,2069,19708,20721.451396880362,-1013.4513968803622,0.129542
178,12758,156552,161250.82359704297,-4698.823597042967,0.881625
179,6004,66853,69357.45640277061,-2504.4564027706074,0.396708
180,5511,60567,62981.25034760895,-2414.250347608948,0.370333
181,12938,158863,163787.3726925437,-4924.372692543693,0.894291
182,9458,111370,115457.82713543791,-4087.8271354379103,0.652209
183,6860,77754,80564.7910268728,-2810.791026872801,0.451041
184,10105,120613,124320.60909130404,-3707.609091304039,0.684583
185,10985,132428,136470.37103367737,-4042.3710336773656,0.704708
186,10972,132178,136290.12488593932,-4112.124885939324,0.676291
187,2302,22386,23409.2832159404,-1023.2832159403988,0.133166
188,10972,132367,136290.12488593932,-3923.1248859393236,0.766042
189,9874,117496,121149.24251226359,-3653.2425122635905,0.653334
190,7545,86439,89645.44762394897,-3206.447623948974,0.484959
191,12938,158232,163787.3726925437,-5555.372692543693,0.881666
192,5579,61345,63857.06707431222,-2512.0670743122173,0.395875
193,6453,72565,75215.58256336063,-2650.582563360629,0.412709
194,5910,65566,68137.04967303353,-2571.049673033529,0.382084
195,4444,47338,49407.805942573126,-2069.8059425731262,0.289083
196,3881,40740,42390.10755772532,-1650.1075577253214,0.260625
197,10251,122182,126328.963066825,-4146.963066825003,0.666667
198,10972,132082,136290.12488593932,-4208.124885939324,0.90925
199,15537,194214,200792.1818824286,-6578.181882428587,1.203875
200,10972,132065,136290.12488593932,-4225.124885939324,0.731083
201,9113,104696,110757.76243915859,-6061.762439158585,0.564875
202,7450,85203,88380.5340912648,-3177.5340912647953,0.454375
203,12758,156611,161250.82359704297,-4639.823597042967,0.887834
204,7531,86357,89458.93037116416,-3101.930371164155,0.470375
205,12758,156473,161250.82359704297,-4777.823597042967,0.864708
206,8567,99876,103358.20865476872,-3482.2086547687213,0.642416
207,12938,158849,163787.3726925437,-4938.372692543693,0.8665
208,7496,85006,88992.80166149327,-3986.8016614932712,0.481125
209,10972,129304,136290.12488593932,-6986.124885939324,0.69025
210,10829,129199,134308.88971757342,-5109.889717573416,0.691208
211,5344,58599,60835.51573898134,-2236.5157389813394,0.333959
212,6481,72804,75582.42665801449,-2778.4266580144904,0.430042
213,12758,156300,161250.82359704297,-4950.823597042967,0.86775
214,15474,193414,199887.30113438948,-6473.301134389476,1.074083
215,3304,33858,35320.75329756985,-1462.7532975698487,0.205583
216,12065,146281,151519.7886604191,-5238.788660419086,0.768959
217,6702,75554,78483.93975901237,-2929.93975901237,0.423208
218,2138,20626,21513.65464244641,-887.6546424464104,0.125708
219,2076,19911,20801.67035207096,-890.6703520709598,0.12125
220,7724,88789,92033.48303569482,-3244.4830356948223,0.470708
221,8064,93184,96585.78530310332,-3401.7853031033155,0.487167
222,6207,69341,72000.2164326173,-2659.2164326172933,0.419167
223,6525,73656,76159.24826589857,-2503.248265898568,0.426458
224,7960,91813,95191.07961483084,-3378.0796148308436,0.542209
225,8124,93863,97391.30503538196,-3528.3050353819563,0.521584
226,12709,155275,160560.95085503644,-5285.950855036441,0.882041
227,10972,132097,136290.12488593932,-4193.124885939324,0.785792
228,10589,126436,130989.8814785443,-4553.8814785442955,0.807458
229,7448,85185,88353.9230390979,-3168.9230390979064,0.5405
230,10518,125358,130009.50451561392,-4651.504515613924,0.70375
231,10919,131425,135555.50546079755,-4130.505460797547,0.72875
232,2678,26645,27817.225976978505,-1172.225976978505,0.161417
233,11460,138370,143071.3005949633,-4701.300594963308,0.788167
234,3486,35997,37536.00599348214,-1539.0059934821402,0.217209
235,10972,132342,136290.12488593932,-3948.1248859393236,0.78475
236,6989,78589,82267.61274585781,-3678.612745857812,0.423667
237,12758,155926,161250.82359704297,-5324.823597042967,0.965416
238,10972,131910,136290.12488593932,-4380.124885939324,0.714792
239,7523,86185,89352.36593733123,-3167.3659373312257,0.508583
240,9072,106220,110200.4430790759,-3980.443079075907,0.574458
241,7018,79873,82650.8928229984,-2777.8928229984012,0.467625
242,8181,94573,98157.14101399155,-3584.1410139915533,0.509
243,12938,157651,163787.3726925437,-6136.372692543693,0.867917
244,1995,19021,19875.53519706387,-854.5351970638694,0.113291
245,4097,43142,45069.442871136795,-1927.4428711367946,0.248125
246,10972,131726,136290.12488593932,-4564.124885939324,0.753416
247,10972,132199,136290.12488593932,-4091.1248859393236,0.709125
248,10519,125949,130023.30785201635,-4074.3078520163544,0.69925
249,12708,155367,160546.8746538591,-5179.874653859093,0.852417
250,5575,61447,63805.515200049806,-2358.5152000498056,0.365917
251,5233,57085,59413.4601707358,-2328.4601707358015,0.326416
252,15537,193136,200792.1818824286,-7656.181882428587,1.049333
253,4535,48364,50552.13179861104,-2188.131798611037,0.279917
254,15537,193875,200792.1818824286,-6917.181882428587,1.022208
255,10972,131828,136290.12488593932,-4462.124885939324,0.720292
256,12938,157753,163787.3726925437,-6034.372692543693,0.885208
257,12758,156411,161250.82359704297,-4839.823597042967,0.833959
258,4491,47857,49998.499141447064,-2141.499141447064,0.273708
259,10081,119892,123990.75879996293,-4098.758799962932,0.666917
260,10641,127720,131708.3400166992,-3988.3400166991923,0.748959
261,9189,107743,111791.54518766953,-4048.5451876695297,0.574875
262,7496,85729,88992.80166149327,-3263.8016614932712,0.48
263,6107,68327,70697.14732895273,-2370.147328952735,0.382541
264,10519,125839,130023.30785201635,-4184.307852016354,0.744375
265,8511,99162,102602.06619825783,-3440.0661982578313,0.564708
266,4985,54137,56248.63827958851,-2111.6382795885074,0.322209
267,10414,124470,128574.70890413804,-4104.708904138039,0.698334
268,10792,129464,133796.7046387777,-4332.704638777708,0.745334
269,5599,61580,64114.888448928046,-2534.8884489280463,0.37175
270,2752,27583,28694.080604940173,-1111.0806049401726,0.172875
271,6640,74607,77668.86437419566,-3061.864374195662,0.405625
272,10972,132072,136290.12488593932,-4218.124885939324,0.720167
273,10972,129991,136290.12488593932,-6299.124885939324,0.726625
274,2124,20385,21352.654539908024,-967.6545399080242,0.121125
275,2857,26881,29943.175161915213,-3062.175161915213,0.133959
276,12175,147894,153060.6457988598,-5166.645798859798,0.80025
277,6418,71904,74757.27402074066,-2853.2740207406605,0.415458
278,3004,30486,31701.217968932877,-1215.2179689328768,0.200083
279,12758,156440,161250.82359704297,-4810.823597042967,0.856541
280,6504,73352,75883.89346965599,-2531.893469655988,0.422667
281,10972,132313,136290.12488593932,-3977.1248859393236,0.735333
282,15537,194213,200792.1818824286,-6579.181882428587,0.9895
283,6499,73102,75818.34721015922,-2716.3472101592197,0.404458
284,15537,192865,200792.1818824286,-7927.181882428587,1.0285
285,12708,151884,160546.8746538591,-8662.874653859093,0.787167
286,7894,90906,94306.99310593215,-3400.9931059321534,0.478
287,5025,54683,56757.912101792106,-2074.912101792106,0.316958
288,7874,90424,94039.24497163028,-3615.24497163028,0.507958
289,12744,156376,161053.68934863855,-4677.6893486385525,0.851084
290,8557,99672,103223.14438397785,-3551.1443839778512,0.533833
291,10972,132056,136290.12488593932,-4234.124885939324,0.741459
292,9660,114458,118218.2201961655,-3760.2201961654937,0.604625
293,12758,156164,161250.82359704297,-5086.823597042967,0.831125
294,10972,131816,136290.12488593932,-4474.124885939324,0.703
295,12938,157255,163787.3726925437,-6532.372692543693,0.860959
296,1090,9427,9909.222537434076,-482.222537434076,0.076667
297,7008,79450,82518.70771368503,-3068.7077136850276,0.445209
298,6137,68260,71087.8217567599,-2827.821756759906,0.378667
299,15537,194221,200792.1818824286,-6571.181882428587,1.061375
300,15537,194569,200792.1818824286,-6223.181882428587,1.01
301,3907,41105,42711.72052549761,-1606.720525497607,0.2375
302,7274,82695,86041.75057285417,-3346.750572854173,0.453917
303,12758,156169,161250.82359704297,-5081.823597042967,0.882042
304,10116,120594,124471.81796994532,-3877.8179699453176,0.641042
305,2811,28246,29395.255212587144,-1149.2552125871443,0.181417
306,4741,51355,53152.23568810085,-1797.2356881008527,0.315084
307,6735,76049,78918.10812140499,-2869.108121404992,0.41825
308,7435,85092,88180.97009529728,-3088.970095297278,0.449208
309,15537,193880,200792.1818824286,-6912.181882428587,1.02425
310,4854,52521,54584.02804035561,-2063.02804035561,0.315875
311,15537,192883,200792.1818824286,-7909.181882428587,0.996458
312,3147,32202,33421.38932500014,-1219.389325000142,0.192958
313,4261,45099,47114.7761684554,-2015.7761684553989,0.283916
314,7631,87608,90792.0160742575,-3184.0160742574953,0.482958
315,12938,159020,163787.3726925437,-4767.372692543693,0.862334
316,5697,62961,65379.69617789012,-2418.696177890117,0.36725
317,5370,58762,61169.0932223268,-2407.093222326803,0.332417
318,10972,131256,136290.12488593932,-5034.124885939324,0.723125
319,10972,131262,136290.12488593932,-5028.124885939324,0.688708
320,10972,132355,136290.12488593932,-3935.1248859393236,0.753458
321,12758,156540,161250.82359704297,-4710.823597042967,0.880833
322,3219,32867,34291.06549709664,-1424.0654970966425,0.187917
323,10972,132270,136290.12488593932,-4020.1248859393236,0.767583
324,9115,107230,110784.955566545,-3554.9555665450025,0.558458
325,5600,61100,64127.78222626106,-3027.782226261057,0.363042
326,12758,156157,161250.82359704297,-5093.823597042967,0.860541
327,10076,120124,123922.0503582542,-3798.0503582542005,0.610375
328,6508,73313,75936.33447015681,-2623.334470156813,0.396042
329,10972,130780,136290.12488593932,-5510.124885939324,0.720625
330,10972,131845,136290.12488593932,-4445.124885939324,0.752542
331,10972,131951,136290.12488593932,-4339.124885939324,0.736709
332,7262,82404,85882.51012187911,-3478.5101218791096,0.461791
333,7450,85631,88380.5340912648,-2749.5340912647953,0.458917
334,10972,132016,136290.12488593932,-4274.124885939324,0.7435
335,10972,130297,136290.12488593932,-5993.124885939324,0.710875
336,10039,119624,123413.71925949492,-3789.7192594949156,0.658834
337,1205,10502,11128.955004496376,-626.9550044963762,0.071583
338,3331,33803,35648.49473642426,-1845.4947364242616,0.205667
339,5091,55551,57599.21648619311,-2048.2164861931087,0.327291
340,10015,119458,123084.09612901122,-3626.0961290112173,0.607666
341,10519,125210,130023.30785201635,-4813.307852016354,0.677125
342,11278,136083,140538.6800722236,-4455.680072223593,0.799792
343,5480,60323,62582.381774606445,-2259.381774606445,0.357
344,7266,82854,85935.5870959189,-3081.587095918905,0.4625
345,12758,156380,161250.82359704297,-4870.823597042967,0.873167
346,10972,132176,136290.12488593932,-4114.124885939324,0.678083
347,6853,77485,80472.48936579489,-2987.489365794885,0.423375
348,10972,131235,136290.12488593932,-5055.124885939324,0.720875
349,6012,66843,69461.4193150252,-2618.419315025196,0.381458
350,10972,132317,136290.12488593932,-3973.1248859393236,0.81775
351,7126,81071,84079.7958497179,-3008.795849717906,0.455416
352,12588,153832,158858.55730000057,-5026.557300000568,0.824709
353,4806,51167,53975.364204622136,-2808.3642046221357,0.30225
354,10743,128880,133118.68725331977,-4238.687253319775,0.656042
355,2340,22901,23850.965185861594,-949.9651858615944,0.136667
356,10100,120357,124251.88349251784,-3894.883492517838,0.674541
357,10972,131833,136290.12488593932,-4457.124885939324,0.727791
358,7143,81405,84304.93180199721,-2899.9318019972125,0.456292
359,5824,64602,67022.39598451722,-2420.395984517221,0.374875
360,2854,28602,29907.408493983832,-1305.4084939838322,0.181875
361,4527,48184,50451.42532957897,-2267.4253295789676,0.277958
362,7167,81670,84622.87013198507,-2952.870131985066,0.46125
363,7464,85688,88566.83313363753,-2878.8331336375268,0.445
364,12758,156286,161250.82359704297,-4964.823597042967,0.822
365,1142,10047,10458.690200184368,-411.6902001843682,0.064542
366,7033,80095,82849.2090223403,-2754.2090223403065,0.449709
367,2266,21988,22991.68224242929,-1003.6822424292914,0.119625
368,6115,68401,70801.3064305812,-2400.3064305812004,0.388583
369,10972,132337,136290.12488593932,-3953.1248859393236,0.749291
370,12758,156578,161250.82359704297,-4672.823597042967,0.79375
371,4751,51490,53278.78759969292,-1788.7875996929215,0.312
372,6350,71412,73867.63456607275,-2455.634566072753,0.397917
373,10519,125898,130023.30785201635,-4125.307852016354,0.728541
374,7659,87879,91165.61993483946,-3286.6199348394584,0.468916
375,7067,79835,83298.89646262843,-3463.8964626284287,0.427542
376,7656,87381,91125.58387650501,-3744.583876505014,0.475
377,6573,74059,76788.9963008129,-2729.996300812898,0.400167
378,7952,91749,95083.8754345033,-3334.875434503294,0.505583
379,4806,51013,53975.364204622136,-2962.3642046221357,0.310208
380,2924,29491,30743.13949056492,-1252.1394905649213,0.199375
381,10971,132505,136276.26071773795,-3771.260717737954,0.719417
382,6546,73775,76434.70056859501,-2659.7005685950135,0.417833
383,10972,132247,136290.12488593932,-4043.1248859393236,0.728542
384,4467,47686,49696.77943906765,-2010.77943906765,0.300416
385,12938,158279,163787.3726925437,-5508.372692543693,0.8325
386,3556,36777,38391.716848998665,-1614.7168489986652,0.227583
387,10972,132023,136290.12488593932,-4267.124885939324,0.75975
388,8181,94500,98157.14101399155,-3657.1410139915533,0.519583
389,12709,155231,160560.95085503644,-5329.950855036441,0.87825
390,10972,132117,136290.12488593932,-4173.124885939324,0.743959
391,10039,119007,123413.71925949492,-4406.719259494916,0.63375
392,9068,105980,110146.08475161745,-4166.0847516174545,0.56425
393,4238,44824,46827.37344311326,-2003.3734431132616,0.260375
394,10149,120814,124925.54806956623,-4111.548069566226,0.644292
395,4097,43164,45069.442871136795,-1905.4428711367946,0.265875
396,9535,112854,116509.32922321312,-3655.3292232131207,0.630333
397,10972,132001,136290.12488593932,-4289.124885939324,0.748459
398,5885,65465,67812.83512906337,-2347.8351290633727,0.374
399,10972,131942,136290.12488593932,-4348.124885939324,0.747917
400,6348,71227,73841.48454867773,-2614.484548677734,0.401334
401,12297,149888,154771.27288055193,-4883.272880551929,0.834041
402,884,7387,7769.5058625020265,-382.5058625020265,0.053834
403,8357,96888,100525.42604731416,-3637.426047314162,0.549667
404,8002,92301,95754.09159659152,-3453.091596591519,0.536459
405,3374,34725,36171.10412746225,-1446.1041274622476,0.205458
406,10972,131687,136290.12488593932,-4603.124885939324,0.746916
407,10972,131789,136290.12488593932,-4501.124885939324,0.713167
408,9607,113661,117493.36370586354,-3832.363705863536,0.625458
409,11024,132370,137011.24254389212,-4641.24254389212,0.751708
410,1726,16088,16835.052109082877,-747.052109082877,0.100625
411,7701,87744,91726.30245606492,-3982.302456064921,0.467458
412,12758,156219,161250.82359704297,-5031.823597042967,0.835583
413,10833,130151,134364.2720130209,-4213.272013020905,0.702875
414,12708,155330,160546.8746538591,-5216.874653859093,0.820458
415,10972,131819,136290.12488593932,-4471.124885939324,0.702833
416,2302,22360,23409.2832159404,-1049.2832159403988,0.133625
417,10972,132319,136290.12488593932,-3971.1248859393236,0.7205
418,1733,16096,16913.443942564576,-817.443942564576,0.1045
419,7927,91533,94748.93726239757,-3215.937262397565,0.546666
420,10971,130964,136276.26071773795,-5312.260717737954,0.685167
421,4126,43317,45430.43896488763,-2113.4389648876313,0.256541
422,11184,134062,139232.27844987888,-5170.278449878882,0.718583
423,12758,156390,161250.82359704297,-4860.823597042967,0.8535
424,10972,131971,136290.12488593932,-4319.124885939324,0.74825
425,10811,129910,134059.69577801507,-4149.69577801507,0.736083
426,12758,156184,161250.82359704297,-5066.823597042967,0.849459
427,7597,87302,90338.55356256658,-3036.55356256658,0.466459
428,5516,60689,63045.60758619111,-2356.6075861911086,0.359334
429,2687,26390,27923.714488357382,-1533.714488357382,0.159791
430,10972,131700,136290.12488593932,-4590.124885939324,0.693583
431,10139,120669,124788.03772944008,-4119.037729440082,0.677125
432,10972,130414,136290.12488593932,-5876.124885939324,0.724792
433,9811,116150,120285.66990704711,-4135.669907047108,0.643041
434,5480,60227,62582.381774606445,-2355.381774606445,0.352292
435,10972,132074,136290.12488593932,-4216.124885939324,0.739833
436,5605,61771,64192.25497636809,-2421.2549763680872,0.361125
437,10519,125612,130023.30785201635,-4411.307852016354,0.717875
438,7582,86840,90138.56630355582,-3298.5663035558246,0.471791
439,7021,79713,82690.55236575456,-2977.5523657545564,0.444833
440,12792,142699,161729.67042676042,-19030.670426760422,0.741916
441,4361,45450,48366.42312263089,-2916.423122630891,0.271042
442,15537,193951,200792.1818824286,-6841.181882428587,1.017375
443,1440,13089,13669.268458714734,-580.2684587147342,0.088667
444,7283,82890,86161.19965640776,-3271.1996564077563,0.419875
445,2583,25649,26695.870870328796,-1046.8708703287957,0.162958
446,6654,75083,77852.8409279746,-2769.8409279745974,0.420375
447,8121,93882,97351.01382591424,-3469.0138259142404,0.506833
448,10519,125502,130023.30785201635,-4521.307852016354,0.746833
449,10971,132004,136276.26071773795,-4272.260717737954,0.756084
450,12758,156290,161250.82359704297,-4960.823597042967,0.921459
451,10749,128257,133201.69249618892,-4944.692496188916,0.6955
452,12758,156237,161250.82359704297,-5013.823597042967,0.841917
453,884,7404,7769.5058625020265,-365.5058625020265,0.050209
454,421,3105,3250.1417741109526,-145.1417741109526,0.025375
455,5995,66858,69240.516509618,-2382.516509617999,0.38825
456,12708,152801,160546.8746538591,-7745.874653859093,0.82675
457,10972,132011,136290.12488593932,-4279.124885939324,0.762834
458,5731,63617,65819.07743782847,-2202.0774378284696,0.375083
459,6472,72911,75464.49341580682,-2553.493415806821,0.39725
460,4091,43055,44994.79092934399,-1939.790929343988,0.25575
461,2460,24187,25251.528796557443,-1064.5287965574425,0.152458
462,7187,81822,84887.90732757414,-3065.9073275741393,0.448
463,7886,90908,94199.88506942026,-3291.8850694202556,0.508292
464,10972,131770,136290.12488593932,-4520.124885939324,0.760833
465,4136,43716,45554.98866522257,-1838.9886652225687,0.25125
466,12878,157877,162941.45239627027,-5064.452396270266,0.877666
467,7006,79682,82492.27316125126,-2810.273161251258,0.435125
468,8016,92398,95941.83301425278,-3543.833014252785,0.480166
469,10564,126257,130644.59974426916,-4387.599744269159,0.713292
470,11781,142491,147548.2984106888,-5057.298410688789,0.794125
471,9040,103948,109765.64779801505,-5817.647798015052,0.562833
472,2246,21780,22760.03740905175,-980.0374090517507,0.132458
473,12938,158381,163787.3726925437,-5406.372692543693,0.862
474,10801,128707,133921.27337845467,-5214.273378454673,0.688333
475,5262,57556,59784.66329551891,-2228.6632955189125,0.331375
476,10972,132141,136290.12488593932,-4149.124885939324,0.736167
477,10972,131811,136290.12488593932,-4479.124885939324,0.718333
478,10972,132003,136290.12488593932,-4287.124885939324,0.72825
479,5950,66466,68656.11002084188,-2190.1100208418793,0.382042
480,7116,81009,83947.39025912111,-2938.390259121108,0.426
481,6356,71177,73946.0900698192,-2769.090069819198,0.414042
482,10972,131950,136290.12488593932,-4340.124885939324,0.74375
483,5848,64977,67333.27898112987,-2356.2789811298717,0.378833
484,9907,117180,121601.82174197782,-4421.821741977823,0.628708
485,12065,146581,151519.7886604191,-4938.788660419086,0.809417
486,6889,77702,80947.29328509794,-3245.2932850979414,0.414667
487,10972,132022,136290.12488593932,-4268.124885939324,0.765459
488,15537,193901,200792.1818824286,-6891.181882428587,1.023791
489,10457,125096,129167.76086757041,-4071.7608675704105,0.713125
490,1136,9866,10395.11272775732,-529.1127277573196,0.067417
491,2577,25596,26625.21576993224,-1029.2157699322415,0.156042
492,12758,156335,161250.82359704297,-4915.823597042967,0.817708
493,15537,194185,200792.1818824286,-6607.181882428587,0.9875
494,8882,103603,107621.25277869988,-4018.2527786998835,0.560125
495,10972,132030,136290.12488593932,-4260.124885939324,0.756166
496,4846,52429,54482.53632908123,-2053.536329081231,0.316375
497,10972,132131,136290.12488593932,-4159.124885939324,0.741291
498,7008,79466,82518.70771368503,-3052.7077136850276,0.43925
499,8643,101102,104385.2460417497,-3283.246041749706,0.564792
500,7581,87078,90125.23534091742,-3047.2353409174248,0.477833
501,9926,118034,121862.46963426322,-3828.4696342632233,0.633667
502,6032,67182,69721.39374243659,-2539.3937424365868,0.376
503,10972,132190,136290.12488593932,-4100.124885939324,0.754083
